variable,count,mean,std,min,25%,50%,75%,max,original
dummy1,1000.0,0.00011924947487441542,0.011054719220344398,-0.0333269311496451,-0.007386680613377475,8.011983918443377e-05,0.0075283026979686505,0.0374041821240354,-0.0100706388853994
dummy2,1000.0,9.476148843079532e-05,0.010471321940625632,-0.0322057418755505,-0.006998190205501275,-0.00012138302205495002,0.00721831026518945,0.033701468678629,-0.0136050214788774
x1,1000.0,0.0811425353449032,3.227742843314939,-9.00250003309265,-2.068128851842082,0.0919596978776348,2.1546141877310285,28.20560836401996,28.20560836401996
x2,1000.0,0.17937459825536065,8.254578728542253,-24.64417841428765,-5.538088597035925,0.36783494246634424,5.4812123681107625,75.05056403606318,75.05056403606318
x3,1000.0,-0.03455733964700535,1.9511718319153846,-7.869778950527195,-1.2787099062940381,-0.1545139639230086,1.171667920208556,17.7562231369862,17.7562231369862
